dtypes,re_mean,re_error,sigma_mean,sigma_error,acceptance_ref,acceptance_mean,acceptance_error,re_M_x_mean,re_M_x_error,re_M_z_mean,re_M_z_error
f32,1.9610188682402142e-09,1.4439957622454923e-09,3.976084167345665e-08,2.7025658906471526e-11,0.9493123221533086,0.9493218283688836,6.071044668103091e-05,5.011857890956544e-06,3.164611661646537e-06,2.2600965011572813,1.9812433638393927
f16,7.9238337105496e-09,6.898356627614799e-09,0.00021479405452095375,1.1479648631935425e-07,0.9493123221533086,0.9490711116181093,6.805347385222657e-05,1.0923377474876736e-05,9.009771978358435e-06,1.714990583900972,1.758064584229763
bf16,1.156684754766714e-08,8.516330889415021e-09,0.0017142759632892805,1.0285813592453827e-06,0.9493123221533086,0.9483753549781817,5.7568477232889364e-05,1.1568372785464988e-05,8.408150089861844e-06,1.5982787186349343,1.6086647318814764
int32,1.9046184302105424e-08,1.2896624136936795e-08,0.20048949571956198,0.00015100589979854,0.9493123221533086,1.0,0.0,0.005024645258472225,3.41645237629073e-05,1.9686427512228573,1.7261987646646502
int16,1.9046184302105424e-08,1.2896624136936795e-08,0.20048949571956198,0.00015100589979854,0.9493123221533086,1.0,0.0,0.005024645258472225,3.41645237629073e-05,1.9686427512228573,1.7261987646646502
