dtypes,re_mean,re_error,sigma_mean,sigma_error,acceptance_ref,acceptance_mean,acceptance_error,re_M_x_mean,re_M_x_error,re_M_z_mean,re_M_z_error
f32,3.335160884804342e-09,3.0702843296144275e-09,6.622408609452833e-08,4.437846061782322e-11,0.9146440181527593,0.9146305068106223,8.055952776363154e-05,1.0736747774376149e-05,5.596597314212531e-06,2.885527883403503,7.172530690692632
f16,1.2589923179520999e-08,9.743793710403692e-09,0.00034704196289364576,2.156891310653609e-07,0.9146440181527593,0.914408865967486,7.678129901352291e-05,1.622649148826803e-05,1.0372835856089455e-05,5.860658689405199,14.583854028733114
bf16,1.6661597839266225e-08,1.5246928481478787e-08,0.0025472699818782003,1.6648590935978815e-06,0.9146440181527593,0.9140499273594008,7.692755587694269e-05,2.96608610350927e-05,2.0359229547036072e-05,4.4990231817706485,10.252657218652715
int32,1.279140606644e-07,3.133438333415589e-08,0.33555379739382746,0.00022917566629437989,0.9146440181527593,1.0,0.0,0.014045510312963258,5.579916465976931e-05,3.3468374651685218,4.9516293525379975
int16,1.279140606644e-07,3.133438333415589e-08,0.33555379739382746,0.00022917566629437989,0.9146440181527593,1.0,0.0,0.014045510312963258,5.579916465976931e-05,3.3468374651685218,4.9516293525379975
