dtypes,re_mean,re_error,sigma_mean,sigma_error,acceptance_ref,acceptance_mean,acceptance_error,re_M_x_mean,re_M_x_error,re_M_z_mean,re_M_z_error
f32,2.5345251308964305e-09,1.5733130689134524e-09,4.0910650219875184e-08,3.824115610838658e-11,0.9465965245037458,0.9465944236003039,6.341498247577825e-05,4.494743071638657e-06,2.856495241099116e-06,2.7590197173514475,4.519442117724988
f16,1.2088451401483292e-08,9.215470238605167e-09,0.0002044914864172758,1.1616029554822277e-07,0.9465965245037458,0.946365392345059,6.275594673405963e-05,1.3745579110259531e-05,9.045227828099372e-06,2.138893138275748,2.021488629716214
bf16,1.089410666110073e-08,1.0106013768880356e-08,0.001710387187241388,8.696610501402587e-07,0.9465965245037458,0.9459280080884487,5.197189037429751e-05,2.257792236062737e-05,1.6526676818379005e-05,2.8308286761331187,3.778389839387071
int32,2.359898207807543e-08,1.530317734177946e-08,0.2111078314284618,0.0001268013215886415,0.9465965245037458,1.0,0.0,0.0055539790183199884,3.968664361327014e-05,2.289758130468615,3.7109720007563314
int16,2.359898207807543e-08,1.530317734177946e-08,0.2111078314284618,0.0001268013215886415,0.9465965245037458,1.0,0.0,0.0055539790183199884,3.968664361327014e-05,2.289758130468615,3.7109720007563314
