dtypes,re_mean,re_error,sigma_mean,sigma_error,acceptance_ref,acceptance_mean,acceptance_error,re_M_x_mean,re_M_x_error,re_M_z_mean,re_M_z_error
f32,3.4515988215420955e-09,2.9617197214931267e-09,6.976809327487678e-08,4.238143893328592e-11,0.9066329902274912,0.9066378029353767,7.817006639234397e-05,1.1067044281345916e-05,6.748592844739283e-06,2.9204261426058,4.679624748831286
f16,1.2188482928773324e-08,1.3296456201212253e-08,0.00035771036050259063,1.8860387383992685e-07,0.9066329902274912,0.9064204622392853,7.064143379252567e-05,2.0822116407848064e-05,1.0895962645778647e-05,2.6147456059441163,3.356870299461835
bf16,1.774838566695729e-08,1.2886821549145638e-08,0.002943987740174767,1.7966619805389326e-06,0.9066329902274912,0.906108503408172,6.085306243075991e-05,3.1371942398587635e-05,2.3025683509161966e-05,4.251432546950869,11.05277169770893
int32,1.6747643737304814e-07,2.8368398538494778e-08,0.36657015602969456,0.00027028822087134957,0.9066329902274912,1.0,0.0,0.016752283259401545,5.076400945888461e-05,2.4062133226782976,3.2671846693111424
int16,1.6747643737304814e-07,2.8368398538494778e-08,0.36657015602969456,0.00027028822087134957,0.9066329902274912,1.0,0.0,0.016752283259401545,5.076400945888461e-05,2.4062133226782976,3.2671846693111424
