dtypes,re_mean,re_error,sigma_mean,sigma_error,acceptance_ref,acceptance_mean,acceptance_error,re_M_x_mean,re_M_x_error,re_M_z_mean,re_M_z_error
f32,9.437511092370393e-09,4.898024228912441e-09,1.069546213226832e-07,7.593162166862467e-11,0.8698080566935201,0.8700207545420042,8.771660822975603e-05,2.2993308693258907e-05,1.1371942155146585e-05,9.780262127313076,20.63334791941276
f16,2.6420902095613467e-08,1.5384226739814637e-08,0.0005572170548930438,3.331964407214168e-07,0.8698080566935201,0.869783975274065,8.772024793459719e-05,2.8245776312806575e-05,1.627173326744616e-05,6.506850563437829,11.84741999414943
bf16,3.9171906010941976e-08,2.3021270557273572e-08,0.0037179604355393643,2.6420710955452236e-06,0.8698080566935201,0.8692821364918525,7.668210330134232e-05,4.192242476505639e-05,3.0226791380111472e-05,5.653138972572312,7.640290097618298
int32,1.124773124258012e-06,5.147127194924408e-08,0.5076978840048658,0.0003690049097935019,0.8698080566935201,1.0,0.0,0.03199932975840845,0.00010375782968433355,15.2876640189202,36.807641797532064
int16,1.124773124258012e-06,5.147127194924408e-08,0.5076978840048658,0.0003690049097935019,0.8698080566935201,1.0,0.0,0.03199932975840845,0.00010375782968433355,15.2876640189202,36.807641797532064
