dtypes,re_mean,re_error,sigma_mean,sigma_error,acceptance_ref,acceptance_mean,acceptance_error,re_M_x_mean,re_M_x_error,re_M_z_mean,re_M_z_error
f32,3.064551260376476e-08,1.9331167401296768e-08,1.848148997974116e-07,1.4324564948889136e-10,0.7850700086587021,0.7851570277812744,0.00013834669052848264,7.621918353616525e-05,2.1155125289664318e-05,3.3396464051294554,5.332318303496318
f16,7.357501168490516e-08,3.812302123627307e-08,0.0009223031378806523,6.128470570058094e-07,0.7850700086587021,0.7849195571522024,0.00014350761993842936,3.993233457838181e-05,2.6529005622306524e-05,2.1693894816412875,1.7767287208834688
bf16,9.432386899184641e-08,6.533264964260328e-08,0.007666588979084031,4.1223148439522514e-06,0.7850700086587021,0.784565219671656,0.00013685044777331945,7.357146157193007e-05,6.0320395708983645e-05,2.5639946967263763,2.585846483390941
int32,2.191076574482219e-06,2.053928623060492e-07,0.8329805913601295,0.0005084121442876657,0.7850700086587021,1.0,0.0,0.08522661522513804,0.00017168505491921946,3.7399261232633436,5.4844045347864165
int16,2.191076574482219e-06,2.053928623060492e-07,0.8329805913601295,0.0005084121442876657,0.7850700086587021,1.0,0.0,0.08522661522513804,0.00017168505491921946,3.7399261232633436,5.4844045347864165
