dtypes,re_mean,re_error,sigma_mean,sigma_error,acceptance_ref,acceptance_mean,acceptance_error,re_M_x_mean,re_M_x_error,re_M_z_mean,re_M_z_error
f32,4.344856873538257e-09,3.0440014137355027e-09,4.999326663309438e-08,3.4777349871069345e-11,0.9364275558429075,0.936422069653919,8.161894560414916e-05,7.130535912730091e-06,3.644625725460435e-06,3.2638043253793434,6.8590964733109905
f16,1.1637497716039623e-08,9.791599124944055e-09,0.00025821592066374333,1.3830801708894585e-07,0.9364275558429075,0.9361516491108617,7.979168186810333e-05,1.2598127268445049e-05,8.270822052155036e-06,3.5388414596341713,6.850502537642919
bf16,1.332557166142265e-08,1.2860711458526551e-08,0.0007421564886033971,9.25381289409577e-07,0.9364275558429075,0.9356950199827208,8.59476190870062e-05,1.721430338536962e-05,1.4204642000377344e-05,2.144159584535973,3.082386729242187
int32,5.866446026201076e-08,2.413741678443508e-08,0.2509338630539546,0.00020405813675764196,0.9364275558429075,1.0,0.0,0.007850438028277132,3.188406958040388e-05,1.885215001956455,1.722794746830355
int16,5.866446026201076e-08,2.413741678443508e-08,0.2509338630539546,0.00020405813675764196,0.9364275558429075,1.0,0.0,0.007850438028277132,3.188406958040388e-05,1.885215001956455,1.722794746830355
