dtypes,re_mean,re_error,sigma_mean,sigma_error,acceptance_ref,acceptance_mean,acceptance_error,re_M_x_mean,re_M_x_error,re_M_z_mean,re_M_z_error
f32,4.423135893442331e-09,2.90689874285067e-09,4.827882140012713e-08,4.3084849436415666e-11,0.9435618067316641,0.9435949861060252,5.0869285974524555e-05,5.145357789379179e-06,3.432151838991755e-06,2.07002521222712,2.5232815844876826
f16,1.5792297539493362e-08,8.456043449806456e-09,0.00026524608957350916,9.028278982149926e-08,0.9435618067316641,0.94335025022505,5.261230614182039e-05,1.1328086862526478e-05,8.421681023813602e-06,2.1251477652290727,3.044852857967238
bf16,2.0191205189429808e-08,1.393829133625942e-08,0.00201113098565462,9.267202928798424e-07,0.9435618067316641,0.942897068962558,6.25971262607851e-05,2.3093608685258613e-05,1.6963788023639503e-05,2.7675665244956233,3.6681774376784597
int32,3.379912950172662e-08,2.0488858193720574e-08,0.22291849204884417,0.00012795775256865084,0.9435618067316641,1.0,0.0,0.006200673736990064,3.8995110738423465e-05,2.815686812737646,4.351081137895599
int16,3.379912950172662e-08,2.0488858193720574e-08,0.22291849204884417,0.00012795775256865084,0.9435618067316641,1.0,0.0,0.006200673736990064,3.8995110738423465e-05,2.815686812737646,4.351081137895599
