dtypes,re_mean,re_error,sigma_mean,sigma_error,acceptance_ref,acceptance_mean,acceptance_error,re_M_x_mean,re_M_x_error,re_M_z_mean,re_M_z_error
f32,4.631842310752639e-09,2.6393480083397757e-09,6.385055139819922e-08,3.402357961794392e-11,0.9212031280992051,0.921352408463786,8.193161951835919e-05,7.227453807992973e-06,4.804226397082255e-06,2.229677415450753,2.680059661831662
f16,1.4830169396026395e-08,1.0602795314699708e-08,0.0002784860789739343,1.8722089880773756e-07,0.9212031280992051,0.9211178969795626,8.116399960021111e-05,1.255907887746537e-05,9.662056347402853e-06,2.7144659164346816,4.4843386377707315
bf16,1.4883834438168882e-08,1.0697478323275701e-08,0.00238282631820333,1.0756133318080492e-06,0.9212031280992051,0.9207910411040419,6.96264977747199e-05,2.59315442362796e-05,2.011183150100204e-05,1.6516302586958274,1.1621643810531237
int32,6.079739818049895e-08,2.8822913484020125e-08,0.3095364454685048,0.00017918658687070832,0.9212031280992051,1.0,0.0,0.01194839339510777,5.852496845777515e-05,2.421399506929928,2.177700857084226
int16,6.079739818049895e-08,2.8822913484020125e-08,0.3095364454685048,0.00017918658687070832,0.9212031280992051,1.0,0.0,0.01194839339510777,5.852496845777515e-05,2.421399506929928,2.177700857084226
