dtypes,re_mean,re_error,sigma_mean,sigma_error,acceptance_ref,acceptance_mean,acceptance_error,re_M_x_mean,re_M_x_error,re_M_z_mean,re_M_z_error
f32,1.3872335006225824e-08,8.21279703957998e-09,1.1894230774428896e-07,1.0429537369724228e-10,0.8501090920187364,0.85030368037755,8.73277948856835e-05,2.614693341115182e-05,1.2670061649386819e-05,2.5155990034178735,2.546314095887818
f16,5.129550680485673e-08,3.08271032593107e-08,0.0005985226608328714,3.57590313430861e-07,0.8501090920187364,0.8501270852882166,7.81010192769094e-05,2.9323400514291996e-05,2.3945689394965765e-05,3.49234779438738,2.7890868100049415
bf16,5.13600763638963e-08,3.674040406372772e-08,0.004712966626517081,1.7710746771510002e-06,0.8501090920187364,0.8498694191660564,0.00010020682882512311,6.258733381172024e-05,4.287951872676635e-05,2.698309851718796,2.4093094255264327
int32,1.8168426080138891e-06,9.924608268840989e-08,0.5830740426125571,0.0003216075465232432,0.8501090920187364,1.0,0.0,0.04210645271796646,0.00010157928307863455,3.028632231129897,4.079574944719802
int16,1.8168426080138891e-06,9.924608268840989e-08,0.5830740426125571,0.0003216075465232432,0.8501090920187364,1.0,0.0,0.04210645271796646,0.00010157928307863455,3.028632231129897,4.079574944719802
