dtypes,re_mean,re_error,sigma_mean,sigma_error,acceptance_ref,acceptance_mean,acceptance_error,re_M_x_mean,re_M_x_error,re_M_z_mean,re_M_z_error
f32,5.816039815844787e-09,3.852134893920449e-09,8.482892329971424e-08,4.264747802409171e-11,0.8968402769831099,0.8970016263674646,0.00011975543087726271,1.4994149294451375e-05,6.424778547203924e-06,3.2766622134765337,3.488708842708117
f16,1.7113757562928603e-08,1.1750303829406427e-08,0.00045839249272016584,2.589004701424366e-07,0.8968402769831099,0.8967972248525732,0.00012755433539587185,2.2702267739735717e-05,1.5306305334422424e-05,1.8760214155491792,1.6353779864660525
bf16,2.376798012490148e-08,2.318817419269235e-08,0.0037310852500425113,2.128486522754344e-06,0.8968402769831099,0.8964470772588915,0.00011581301993538179,3.224560901264331e-05,3.422932008385483e-05,3.6571291775754577,6.1539409576976345
int32,1.1900404273611298e-07,3.8267930341774757e-08,0.4038542325358423,0.00023771918948666185,0.8968402769831099,1.0,0.0,0.020292039482212147,7.616790851336035e-05,2.497960425022748,2.773977195404381
int16,1.1900404273611298e-07,3.8267930341774757e-08,0.4038542325358423,0.00023771918948666185,0.8968402769831099,1.0,0.0,0.020292039482212147,7.616790851336035e-05,2.497960425022748,2.773977195404381
