dtypes,re_mean,re_error,sigma_mean,sigma_error,acceptance_ref,acceptance_mean,acceptance_error,re_M_x_mean,re_M_x_error,re_M_z_mean,re_M_z_error
f32,5.75739391316777e-09,4.458122981121331e-09,5.320381677263058e-08,3.1158497539540404e-11,0.932049273069529,0.9320995546919104,5.6949907305135136e-05,5.655824797711869e-06,3.4103835773422157e-06,2.393552361137516,3.3027444399492136
f16,2.3248627790269824e-08,1.2326334009991974e-08,0.00027589764844111915,1.266081167073351e-07,0.932049273069529,0.9318398830264644,5.891921044983406e-05,1.721042075641622e-05,9.539797378186133e-06,1.615245430197431,1.295920396111676
bf16,1.9049763418728182e-08,1.1020695569591365e-08,0.0016136242332185657,1.3074477258075218e-06,0.932049273069529,0.9314715037629118,7.524847119835599e-05,2.4828053063096055e-05,2.0262697800409628e-05,2.14605754198076,3.016932307450148
int32,1.9069043192947432e-07,3.7671954215873785e-08,0.2678100557458816,0.00015869192450347516,0.932049273069529,1.0,0.0,0.008939318859174919,3.7073298039750915e-05,3.773979567396041,8.702546838727274
int16,1.9069043192947432e-07,3.7671954215873785e-08,0.2678100557458816,0.00015869192450347516,0.932049273069529,1.0,0.0,0.008939318859174919,3.7073298039750915e-05,3.773979567396041,8.702546838727274
