dtypes,re_mean,re_error,sigma_mean,sigma_error,acceptance_ref,acceptance_mean,acceptance_error,re_M_x_mean,re_M_x_error,re_M_z_mean,re_M_z_error
f32,4.169561270730806e-08,2.5701975893468742e-08,2.1928283812921785e-07,9.990364253817426e-11,0.7246570848781678,0.724585299540555,0.00016382605012331517,8.201851436353985e-05,2.480049376578368e-05,4.598521160469267,6.897785882271221
f16,1.0466060046932935e-07,8.744363802838036e-08,0.001122669200389317,5.71000723301045e-07,0.7246570848781678,0.7244097921530035,0.00017814412019694323,5.148181848047452e-05,3.7768815619408785e-05,3.056085941366721,3.2883448349952147
bf16,1.333092868102038e-07,1.0133026319628298e-07,0.00916612329761006,5.063038407011984e-06,0.7246570848781678,0.7240973982411774,0.00013995889687243057,8.851984661541645e-05,5.918500879593123e-05,3.0395377821129554,3.244380475407454
int32,1.236449980798058e-05,2.7605041745920755e-07,1.0680593858270446,0.0008455172210689141,0.7246570848781678,1.0,0.0,0.13839742070712416,0.00021186265596875596,5.791901025021754,6.7265475063597036
int16,1.236449980798058e-05,2.7605041745920755e-07,1.0680593858270446,0.0008455172210689141,0.7246570848781678,1.0,0.0,0.13839742070712416,0.00021186265596875596,5.791901025021754,6.7265475063597036
