dtypes,re_mean,re_error,sigma_mean,sigma_error,acceptance_ref,acceptance_mean,acceptance_error,re_M_x_mean,re_M_x_error,re_M_z_mean,re_M_z_error
f32,1.0237089685846357e-07,6.690462544683221e-08,3.385913334364738e-07,2.180566894306866e-10,0.6134325150478327,0.6135508182616607,0.0001978431740760471,0.00018495917911874035,4.571137232714455e-05,3.7775653501154696,9.557399416713999
f16,2.3552168346271448e-07,1.6330112949826671e-07,0.0017692061657330728,1.0294110879879681e-06,0.6134325150478327,0.6132924965384263,0.0002211612602877348,7.478257183909427e-05,5.538910044057316e-05,2.3644775917094343,4.019883007166999
bf16,4.530510313609545e-07,3.6282383352910866e-07,0.014667748878984447,7.188290178945203e-06,0.6134325150478327,0.6129355694336369,0.00018927447934610563,0.00018689840233215407,0.00017844687353573462,1.8170902829478166,2.251945038925901
int32,8.851722139302571e-06,9.29699470831938e-07,1.5186795778198607,0.0009784437894465702,0.6134325150478327,1.0,0.0,0.2707404096947784,0.0003398668725460377,2.5068266331196645,4.880192001567727
int16,8.851722139302571e-06,9.29699470831938e-07,1.5186795778198607,0.0009784437894465702,0.6134325150478327,1.0,0.0,0.2707404096947784,0.0003398668725460377,2.5068266331196645,4.880192001567727
