dtypes,re_mean,re_error,sigma_mean,sigma_error,acceptance_ref,acceptance_mean,acceptance_error,re_M_x_mean,re_M_x_error,re_M_z_mean,re_M_z_error
f32,3.6658405538892374e-07,1.9851024414474867e-07,7.691122764804065e-07,9.258125696266849e-10,0.28803678231946417,0.2882248802276437,0.0002520846486850396,0.0006221647953056969,6.256006296862832e-05,1.5832076344423263,1.2497372882135631
f16,1.068362247044695e-06,9.744535536749685e-07,0.003747055756966468,2.420654485484673e-06,0.28803678231946417,0.28804393135117706,0.00025514690947516823,0.0003752468437942899,0.00015841905706763924,2.2659214897809434,2.657548672312403
bf16,2.3241479184472514e-05,2.7239531721308277e-06,0.03436256583844145,1.4641652077050695e-05,0.28803678231946417,0.28424867163302364,0.0002809173495769834,0.007436247584645177,0.00023411149863825212,2.9343714365263196,7.602633695918865
int32,0.0016448099811593694,9.982094035148466e-06,3.08100752125002,0.0019801714926215223,0.28803678231946417,1.0,0.0,0.9947439911697965,0.0013251782139294067,6.956052407734801,19.611105622565713
int16,0.0016448099811593694,9.982094035148466e-06,3.08100752125002,0.0019801714926215223,0.28803678231946417,1.0,0.0,0.9947439911697965,0.0013251782139294067,6.956052407734801,19.611105622565713
