dtypes,re_mean,re_error,sigma_mean,sigma_error,acceptance_ref,acceptance_mean,acceptance_error,re_M_x_mean,re_M_x_error,re_M_z_mean,re_M_z_error
f32,6.029151550249337e-09,3.6727400446852842e-09,5.6994618085221486e-08,3.981976201348043e-11,0.9270152700218184,0.9270849693560138,5.152477726199569e-05,8.80843864426531e-06,5.0925267551116005e-06,inf,
f16,2.2194307081639866e-08,1.3395021144930894e-08,0.00030262231088805397,1.711378426551117e-07,0.9270152700218184,0.9268253900707188,6.030783921861334e-05,1.5955410766817654e-05,1.1567061279717335e-05,inf,
bf16,1.888215980552422e-08,1.5033538802081636e-08,0.0023295350164442732,1.4734206765042122e-06,0.9270152700218184,0.9264760500583602,4.4957950496714685e-05,2.1385067306805684e-05,1.104802505073569e-05,inf,
int32,1.0154478638758611e-07,3.4363595259172444e-08,0.2872198857276204,0.00020135148948785235,0.9270152700218184,1.0,0.0,0.010289422809651283,5.56209168958517e-05,inf,
int16,1.0154478638758611e-07,3.4363595259172444e-08,0.2872198857276204,0.00020135148948785235,0.9270152700218184,1.0,0.0,0.010289422809651283,5.56209168958517e-05,inf,
