dtypes,re_mean,re_error,sigma_mean,sigma_error,acceptance_ref,acceptance_mean,acceptance_error,re_M_x_mean,re_M_x_error,re_M_z_mean,re_M_z_error
f32,1.265077613881312e-08,9.683406732301797e-09,1.3784865764388721e-07,1.1476687609246248e-10,0.8235820421568179,0.8236763742113715,0.00010071962592710795,3.799426859558548e-05,1.4102664161842464e-05,2.6813235875412986,2.25824883324911
f16,2.9263850962537227e-08,2.0042419829017747e-08,0.0007417681348473395,5.218413393016004e-07,0.8235820421568179,0.8234727415377399,0.00010202675386600208,3.197337327524602e-05,2.3412935514436136e-05,2.2455360248152023,2.2398143745084615
bf16,5.4256368588842976e-08,3.914538356856455e-08,0.005711536224397667,4.750141865598575e-06,0.8235820421568179,0.8230882762078319,0.00012798907098303698,3.70080766301337e-05,2.9760281214439643e-05,2.702753220116334,4.332231035618605
int32,2.7369821365531195e-06,8.411890898183768e-08,0.6854934826969887,0.00040317269466626714,0.8235820421568179,1.0,0.0,0.05800551619153269,0.0001678031429661538,3.0362270958963276,3.351860693724218
int16,2.7369821365531195e-06,8.411890898183768e-08,0.6854934826969887,0.00040317269466626714,0.8235820421568179,1.0,0.0,0.05800551619153269,0.0001678031429661538,3.0362270958963276,3.351860693724218
