dtypes,re_mean,re_error,sigma_mean,sigma_error,acceptance_ref,acceptance_mean,acceptance_error,re_M_x_mean,re_M_x_error,re_M_z_mean,re_M_z_error
f32,8.570853891813302e-09,6.693457048688221e-09,9.392074312440943e-08,6.811722694003414e-11,0.8851185469782273,0.8850055004930122,7.47153914558885e-05,1.4589826671037329e-05,7.672558606214758e-06,18.928148746568283,67.72037241556077
f16,2.0139445543566052e-08,1.4335848224305347e-08,0.00047339028732482384,2.5443406856085495e-07,0.8851185469782273,0.8848445981093896,9.705606348368325e-05,2.51109303712588e-05,2.1211335575040938e-05,6.047316699170571,15.051426113235996
bf16,3.1301804959879476e-08,1.8405506874416087e-08,0.004079941620829613,2.341547186654332e-06,0.8851185469782273,0.88426549078058,9.030556761734429e-05,3.218311462010819e-05,2.7650608958423564e-05,4.6313169665399405,8.132560363765748
int32,2.759694166016773e-07,4.3341521048317904e-08,0.4498437010267628,0.0002644143832113612,0.8851185469782273,1.0,0.0,0.025198702056786145,7.009551150109946e-05,7.702571125584237,14.361380423557458
int16,2.759694166016773e-07,4.3341521048317904e-08,0.4498437010267628,0.0002644143832113612,0.8851185469782273,1.0,0.0,0.025198702056786145,7.009551150109946e-05,7.702571125584237,14.361380423557458
