dtypes,re_mean,re_error,sigma_mean,sigma_error,acceptance_ref,acceptance_mean,acceptance_error,re_M_x_mean,re_M_x_error,re_M_z_mean,re_M_z_error
f32,1.0658160911038158e-07,7.919921046068547e-08,9.624034544317318e-07,1.6564041890716953e-08,0.035352036320776305,0.035432830213149025,6.903478152927263e-05,0.0008198308690583845,7.40804145862425e-05,0.20435331775978505,0.4305238140753613
f16,2.3508964348259024e-07,1.3823179296406172e-07,0.00353884463332994,0.00018026174366529764,0.035352036320776305,0.035480572871370596,7.852872605551228e-05,0.001520139020523559,0.0005658711160128366,0.522835945410344,1.0380928643367835
bf16,6.09457042543005e-07,4.256174234936224e-07,0.011510437419186288,0.00041008250395770893,0.035352036320776305,0.03597024727365313,6.845778952239992e-05,0.008464060088936624,0.0004592518638572499,2.2351336464233755,2.72337232757719
int32,0.15827558964709385,0.0002532472600136303,2.2017076832876294,0.004031712272389261,0.035352036320776305,1.0,0.0,5.917792146366097,0.010060753256345647,10.496198103266527,25.744291576586967
int16,0.15827558964709385,0.0002532472600136303,2.2017076832876294,0.004031712272389261,0.035352036320776305,1.0,0.0,5.917792146366097,0.010060753256345647,10.496198103266527,25.744291576586967
