dtypes,re_mean,re_error,sigma_mean,sigma_error,acceptance_ref,acceptance_mean,acceptance_error,re_M_x_mean,re_M_x_error,re_M_z_mean,re_M_z_error
f32,3.730506874442939e-09,2.643014929603022e-09,4.28418419710527e-08,3.122845675792203e-11,0.9401122126798492,0.9402237661826185,5.81838580694598e-05,6.070149361600569e-06,3.042918231224637e-06,5.505171846758615,16.509996700181805
f16,9.651559426367793e-09,7.013755932745646e-09,0.00021900759267038904,1.2936035992932502e-07,0.9401122126798492,0.9400055314850628,5.228108021656874e-05,1.1920944027573348e-05,8.195652116578012e-06,4.869117776763315,13.485005018429241
bf16,1.4683945810787426e-08,1.2817401059342655e-08,0.0010887171555546801,5.798777624596413e-07,0.9401122126798492,0.9395312637080224,3.636367231481469e-05,1.9527031096624114e-05,1.8644046173040502e-05,2.3098784116133264,3.2590080677798303
int32,2.493219979869087e-08,1.826591815161039e-08,0.2360317746044606,0.00018944080050563894,0.9401122126798492,1.0,0.0,0.006976166633952695,4.830465128105541e-05,5.598346991155669,17.994758838748727
int16,2.493219979869087e-08,1.826591815161039e-08,0.2360317746044606,0.00018944080050563894,0.9401122126798492,1.0,0.0,0.006976166633952695,4.830465128105541e-05,5.598346991155669,17.994758838748727
